"","plotID","species","speciescover","WD","SLA","seedmass","maxheight","totalcover","relcover","X","MDF","CV","Skw","MDFAnnZer","MDFAnnUnder0.1","HSMeanDur","MDFAnnHSNum","CVAnnHSNum","CVAnnHSPeak","CVAnnHSMeanDur","LSMeanDur","MDFAnnLSNum","CVAnnLSNum","CVAnnLSPeak","CVAnnLSMeanDur","VarAnnLSMeanDur","CVAnnMRateRise","CVAnnMRateFall","BFI","CVAnnBFI","P_MDFM","C_MDFM","M_MDFM","P_MinM","C_MinM","M_MinM","HSPeaknorm","LSPeaknorm","MRateRisenorm","MRateFallnorm","MA.7daysMinMeannorm","AS20YrARInorm","log10AS20YrARInorm","category"
"1",1,"Abrophyllum ornans",14.4,0.602,11.06,0.05,8,120,0.12,1,48.871,4.407,11.467,17.533,31.8,4.419,4.133,0.654,0.509,0.38,9.2,2.033,2.022,3.317,1.277,4.855,0.744,0.959,0.124,0.483,0.139,0.055,0.084,0.501,0.447,0.054,21.01450758,0,4.969491109,1.891060138,0.009514845,525.0233881,2.72017865,3
"2",1,"Acmena smithii",57.4,0.715,11.77,81.02,5,120,0.478333333333333,1,48.871,4.407,11.467,17.533,31.8,4.419,4.133,0.654,0.509,0.38,9.2,2.033,2.022,3.317,1.277,4.855,0.744,0.959,0.124,0.483,0.139,0.055,0.084,0.501,0.447,0.054,21.01450758,0,4.969491109,1.891060138,0.009514845,525.0233881,2.72017865,3
"3",1,"Ceratopetalum apetalum",11.6,0.5,12.07,17.09,25,120,0.0966666666666667,1,48.871,4.407,11.467,17.533,31.8,4.419,4.133,0.654,0.509,0.38,9.2,2.033,2.022,3.317,1.277,4.855,0.744,0.959,0.124,0.483,0.139,0.055,0.084,0.501,0.447,0.054,21.01450758,0,4.969491109,1.891060138,0.009514845,525.0233881,2.72017865,3
"4",1,"Cryptocarya glaucescens",6.8,0.496,10.35,323.99,35,120,0.0566666666666667,1,48.871,4.407,11.467,17.533,31.8,4.419,4.133,0.654,0.509,0.38,9.2,2.033,2.022,3.317,1.277,4.855,0.744,0.959,0.124,0.483,0.139,0.055,0.084,0.501,0.447,0.054,21.01450758,0,4.969491109,1.891060138,0.009514845,525.0233881,2.72017865,3
"5",1,"Doryphora sassafras",9.8,0.499,11.01,11,35,120,0.0816666666666667,1,48.871,4.407,11.467,17.533,31.8,4.419,4.133,0.654,0.509,0.38,9.2,2.033,2.022,3.317,1.277,4.855,0.744,0.959,0.124,0.483,0.139,0.055,0.084,0.501,0.447,0.054,21.01450758,0,4.969491109,1.891060138,0.009514845,525.0233881,2.72017865,3
"6",1,"Guioa semiglauca",1.2,0.77,13.21,41,6,120,0.01,1,48.871,4.407,11.467,17.533,31.8,4.419,4.133,0.654,0.509,0.38,9.2,2.033,2.022,3.317,1.277,4.855,0.744,0.959,0.124,0.483,0.139,0.055,0.084,0.501,0.447,0.054,21.01450758,0,4.969491109,1.891060138,0.009514845,525.0233881,2.72017865,3
"7",1,"Pittosporum spinescens",1.8,0.728,18.44,7.54,8,120,0.015,1,48.871,4.407,11.467,17.533,31.8,4.419,4.133,0.654,0.509,0.38,9.2,2.033,2.022,3.317,1.277,4.855,0.744,0.959,0.124,0.483,0.139,0.055,0.084,0.501,0.447,0.054,21.01450758,0,4.969491109,1.891060138,0.009514845,525.0233881,2.72017865,3
"8",1,"Tristaniopsis laurina",17,0.654,7.48,10.26,30,120,0.141666666666667,1,48.871,4.407,11.467,17.533,31.8,4.419,4.133,0.654,0.509,0.38,9.2,2.033,2.022,3.317,1.277,4.855,0.744,0.959,0.124,0.483,0.139,0.055,0.084,0.501,0.447,0.054,21.01450758,0,4.969491109,1.891060138,0.009514845,525.0233881,2.72017865,3
"9",2,"Tristaniopsis laurina",90,0.654,7.48,10.26,30,100.4,0.896414342629482,2,228.607,6.112,5.715,0,0.103,5.146,3.552,0.798,0.785,0.458,17.667,1.103,1.655,0.455,1.101,6.43,0.948,1.243,0.215,0.536,0.153,0.076,0.078,0.307,0.251,0.056,29.81145372,0.011290118,1.494359315,0.520657723,0.046477142,208.5875848,2.319288456,2
"10",2,"Coprosma quadrifida",10.4,0.485,34.41,10.57,4,100.4,0.103585657370518,2,228.607,6.112,5.715,0,0.103,5.146,3.552,0.798,0.785,0.458,17.667,1.103,1.655,0.455,1.101,6.43,0.948,1.243,0.215,0.536,0.153,0.076,0.078,0.307,0.251,0.056,29.81145372,0.011290118,1.494359315,0.520657723,0.046477142,208.5875848,2.319288456,2
"11",3,"Coprosma quadrifida",2,0.485,34.41,10.57,4,77.2,0.0259067357512953,3,136.292,4.806,3.801,0,0,5.048,3.588,0.806,0.67,0.717,15.9,1.294,2.1,0.284,0.551,1.163,1.147,0.978,0.308,0.413,0.21,0.09,0.119,0.282,0.194,0.088,24.56407566,0.010389458,0.966674493,0.336065213,0.090320782,181.6280339,2.259182882,2
"12",3,"Acacia melanoxylon",5.5,0.477,8.33,14.62,30,77.2,0.0712435233160622,3,136.292,4.806,3.801,0,0,5.048,3.588,0.806,0.67,0.717,15.9,1.294,2.1,0.284,0.551,1.163,1.147,0.978,0.308,0.413,0.21,0.09,0.119,0.282,0.194,0.088,24.56407566,0.010389458,0.966674493,0.336065213,0.090320782,181.6280339,2.259182882,2
"13",3,"Eucalyptus viminalis",29,0.618,6.89,1.28,30,77.2,0.375647668393782,3,136.292,4.806,3.801,0,0,5.048,3.588,0.806,0.67,0.717,15.9,1.294,2.1,0.284,0.551,1.163,1.147,0.978,0.308,0.413,0.21,0.09,0.119,0.282,0.194,0.088,24.56407566,0.010389458,0.966674493,0.336065213,0.090320782,181.6280339,2.259182882,2
"14",3,"Leptospermum brevipes",15.3,0.712,9.02,0.15,4,77.2,0.198186528497409,3,136.292,4.806,3.801,0,0,5.048,3.588,0.806,0.67,0.717,15.9,1.294,2.1,0.284,0.551,1.163,1.147,0.978,0.308,0.413,0.21,0.09,0.119,0.282,0.194,0.088,24.56407566,0.010389458,0.966674493,0.336065213,0.090320782,181.6280339,2.259182882,2
"15",3,"Pomaderris aspera",25.4,0.566,13.42,0.56,4,77.2,0.329015544041451,3,136.292,4.806,3.801,0,0,5.048,3.588,0.806,0.67,0.717,15.9,1.294,2.1,0.284,0.551,1.163,1.147,0.978,0.308,0.413,0.21,0.09,0.119,0.282,0.194,0.088,24.56407566,0.010389458,0.966674493,0.336065213,0.090320782,181.6280339,2.259182882,2
"16",4,"Acacia floribunda",14.4,0.681,9.88,7.08,8,72.65,0.198210598761184,4,87.047,5.066,5.192,4.233,8.8,4.765,3.833,0.744,0.772,0.52,24.909,0.8,2.947,0.999,0.783,2.079,1.176,1.464,0.229,0.443,0.132,0.068,0.064,0.274,0.224,0.05,22.34967317,0.001654279,1.204441279,0.385090813,0.030615644,166.3964525,2.221144063,3
"17",4,"Cassinia trinerva",2,0.52,20.63,0.18,8,72.65,0.0275292498279422,4,87.047,5.066,5.192,4.233,8.8,4.765,3.833,0.744,0.772,0.52,24.909,0.8,2.947,0.999,0.783,2.079,1.176,1.464,0.229,0.443,0.132,0.068,0.064,0.274,0.224,0.05,22.34967317,0.001654279,1.204441279,0.385090813,0.030615644,166.3964525,2.221144063,3
"18",4,"Casuarina cunninghamiana",36,0.612,1.41,0.63,35,72.65,0.495526496902959,4,87.047,5.066,5.192,4.233,8.8,4.765,3.833,0.744,0.772,0.52,24.909,0.8,2.947,0.999,0.783,2.079,1.176,1.464,0.229,0.443,0.132,0.068,0.064,0.274,0.224,0.05,22.34967317,0.001654279,1.204441279,0.385090813,0.030615644,166.3964525,2.221144063,3
"19",4,"Eucalyptus cypellocarpa",8,0.624,4.39,7.09,50,72.65,0.110116999311769,4,87.047,5.066,5.192,4.233,8.8,4.765,3.833,0.744,0.772,0.52,24.909,0.8,2.947,0.999,0.783,2.079,1.176,1.464,0.229,0.443,0.132,0.068,0.064,0.274,0.224,0.05,22.34967317,0.001654279,1.204441279,0.385090813,0.030615644,166.3964525,2.221144063,3
"20",4,"Melicytus dentatus",12.25,0.53,16.64,11.57,4,72.65,0.168616655196146,4,87.047,5.066,5.192,4.233,8.8,4.765,3.833,0.744,0.772,0.52,24.909,0.8,2.947,0.999,0.783,2.079,1.176,1.464,0.229,0.443,0.132,0.068,0.064,0.274,0.224,0.05,22.34967317,0.001654279,1.204441279,0.385090813,0.030615644,166.3964525,2.221144063,3
"21",5,"Tristaniopsis laurina",21.2,0.654,7.48,10.26,30,77.9,0.27214377406932,5,536.678,5.33,4.309,3.6,5.1,5.373,3.4,0.827,1.065,0.651,26.143,0.733,2.081,1.38,0.481,0.875,1.17,1.335,0.274,0.456,0.158,0.091,0.067,0.262,0.215,0.047,22.84350952,0.002364546,1.204744745,0.374323151,0.066770019,202.4580773,2.306335108,3
"22",5,"Acacia floribunda",10.4,0.681,9.88,7.08,8,77.9,0.133504492939666,5,536.678,5.33,4.309,3.6,5.1,5.373,3.4,0.827,1.065,0.651,26.143,0.733,2.081,1.38,0.481,0.875,1.17,1.335,0.274,0.456,0.158,0.091,0.067,0.262,0.215,0.047,22.84350952,0.002364546,1.204744745,0.374323151,0.066770019,202.4580773,2.306335108,3
"23",5,"Casuarina cunninghamiana",20,0.612,1.41,0.63,35,77.9,0.256739409499358,5,536.678,5.33,4.309,3.6,5.1,5.373,3.4,0.827,1.065,0.651,26.143,0.733,2.081,1.38,0.481,0.875,1.17,1.335,0.274,0.456,0.158,0.091,0.067,0.262,0.215,0.047,22.84350952,0.002364546,1.204744745,0.374323151,0.066770019,202.4580773,2.306335108,3
"24",5,"Backhousia myrtifolia",22.9,0.82,11.97,13.01,30,77.9,0.293966623876765,5,536.678,5.33,4.309,3.6,5.1,5.373,3.4,0.827,1.065,0.651,26.143,0.733,2.081,1.38,0.481,0.875,1.17,1.335,0.274,0.456,0.158,0.091,0.067,0.262,0.215,0.047,22.84350952,0.002364546,1.204744745,0.374323151,0.066770019,202.4580773,2.306335108,3
"25",5,"Eucalyptus elata",3.4,0.503,6.41,4.41,30,77.9,0.0436456996148909,5,536.678,5.33,4.309,3.6,5.1,5.373,3.4,0.827,1.065,0.651,26.143,0.733,2.081,1.38,0.481,0.875,1.17,1.335,0.274,0.456,0.158,0.091,0.067,0.262,0.215,0.047,22.84350952,0.002364546,1.204744745,0.374323151,0.066770019,202.4580773,2.306335108,3
"26",6,"Leptospermum brevipes",27.6,0.712,9.02,0.15,4,83.8,0.329355608591885,6,440.991,3.577,3.171,0.933,2.159,5.519,3,0.77,0.654,0.842,20.5,1.067,1.858,0.879,0.884,3.021,0.917,0.938,0.334,0.236,0.251,0.11,0.141,0.284,0.192,0.092,18.08030549,0.008084065,0.547149488,0.231004714,0.073051377,126.1955414,2.101044011,2
"27",6,"Acacia floribunda",15.4,0.681,9.88,7.08,8,83.8,0.183770883054893,6,440.991,3.577,3.171,0.933,2.159,5.519,3,0.77,0.654,0.842,20.5,1.067,1.858,0.879,0.884,3.021,0.917,0.938,0.334,0.236,0.251,0.11,0.141,0.284,0.192,0.092,18.08030549,0.008084065,0.547149488,0.231004714,0.073051377,126.1955414,2.101044011,2
"28",6,"Casuarina cunninghamiana",30.6,0.612,1.41,0.63,35,83.8,0.365155131264916,6,440.991,3.577,3.171,0.933,2.159,5.519,3,0.77,0.654,0.842,20.5,1.067,1.858,0.879,0.884,3.021,0.917,0.938,0.334,0.236,0.251,0.11,0.141,0.284,0.192,0.092,18.08030549,0.008084065,0.547149488,0.231004714,0.073051377,126.1955414,2.101044011,2
"29",6,"Melicytus dentatus",1.2,0.53,16.64,11.57,4,83.8,0.0143198090692124,6,440.991,3.577,3.171,0.933,2.159,5.519,3,0.77,0.654,0.842,20.5,1.067,1.858,0.879,0.884,3.021,0.917,0.938,0.334,0.236,0.251,0.11,0.141,0.284,0.192,0.092,18.08030549,0.008084065,0.547149488,0.231004714,0.073051377,126.1955414,2.101044011,2
"30",6,"Acacia mearnsii",2.8,0.652,9.74,13.2,10,83.8,0.0334128878281623,6,440.991,3.577,3.171,0.933,2.159,5.519,3,0.77,0.654,0.842,20.5,1.067,1.858,0.879,0.884,3.021,0.917,0.938,0.334,0.236,0.251,0.11,0.141,0.284,0.192,0.092,18.08030549,0.008084065,0.547149488,0.231004714,0.073051377,126.1955414,2.101044011,2
"31",6,"Astroloma humifusum",3,0.76,10.49,61.56,0.5,83.8,0.035799522673031,6,440.991,3.577,3.171,0.933,2.159,5.519,3,0.77,0.654,0.842,20.5,1.067,1.858,0.879,0.884,3.021,0.917,0.938,0.334,0.236,0.251,0.11,0.141,0.284,0.192,0.092,18.08030549,0.008084065,0.547149488,0.231004714,0.073051377,126.1955414,2.101044011,2
"32",6,"Callistemon subulatus",3.2,0.683,5.51,0.04,1,83.8,0.0381861575178998,6,440.991,3.577,3.171,0.933,2.159,5.519,3,0.77,0.654,0.842,20.5,1.067,1.858,0.879,0.884,3.021,0.917,0.938,0.334,0.236,0.251,0.11,0.141,0.284,0.192,0.092,18.08030549,0.008084065,0.547149488,0.231004714,0.073051377,126.1955414,2.101044011,2
"33",7,"Acacia melanoxylon",1.2,0.477,8.33,14.62,30,46,0.0260869565217391,7,118.597,1.313,1.531,0,0,3.301,5.593,0.562,0.43,0.619,9.018,2.037,1.404,0.174,0.608,1.834,0.43,0.482,0.553,0.137,0.459,0.307,0.153,0.488,0.313,0.175,5.684781234,0.121824329,0.400305235,0.191219002,0.214145383,30.54283835,1.484909394,1
"34",7,"Pomaderris aspera",1.4,0.566,13.42,0.56,4,46,0.0304347826086956,7,118.597,1.313,1.531,0,0,3.301,5.593,0.562,0.43,0.619,9.018,2.037,1.404,0.174,0.608,1.834,0.43,0.482,0.553,0.137,0.459,0.307,0.153,0.488,0.313,0.175,5.684781234,0.121824329,0.400305235,0.191219002,0.214145383,30.54283835,1.484909394,1
"35",7,"Eucalyptus rubida",42.2,0.478,5.11,2.96,40,46,0.917391304347826,7,118.597,1.313,1.531,0,0,3.301,5.593,0.562,0.43,0.619,9.018,2.037,1.404,0.174,0.608,1.834,0.43,0.482,0.553,0.137,0.459,0.307,0.153,0.488,0.313,0.175,5.684781234,0.121824329,0.400305235,0.191219002,0.214145383,30.54283835,1.484909394,1
"36",7,"Rubus fruticosus agg.",1.2,0.35,22.17,2.89,3,46,0.0260869565217391,7,118.597,1.313,1.531,0,0,3.301,5.593,0.562,0.43,0.619,9.018,2.037,1.404,0.174,0.608,1.834,0.43,0.482,0.553,0.137,0.459,0.307,0.153,0.488,0.313,0.175,5.684781234,0.121824329,0.400305235,0.191219002,0.214145383,30.54283835,1.484909394,1
"37",8,"Coprosma quadrifida",9.6,0.485,34.41,10.57,4,106,0.0905660377358491,8,344.931,1.193,1.69,0,0,6.524,2.8,0.842,0.305,0.806,13.725,1.367,1.716,0.148,0.682,1.325,0.549,0.42,0.529,0.18,0.463,0.276,0.187,0.505,0.321,0.184,5.988522342,0.125181558,0.196552354,0.070785172,0.207296532,17.93922263,1.25380362,1
"38",8,"Acacia melanoxylon",14,0.477,8.33,14.62,30,106,0.132075471698113,8,344.931,1.193,1.69,0,0,6.524,2.8,0.842,0.305,0.806,13.725,1.367,1.716,0.148,0.682,1.325,0.549,0.42,0.529,0.18,0.463,0.276,0.187,0.505,0.321,0.184,5.988522342,0.125181558,0.196552354,0.070785172,0.207296532,17.93922263,1.25380362,1
"39",8,"Leptospermum brevipes",12.1,0.712,9.02,0.15,4,106,0.114150943396226,8,344.931,1.193,1.69,0,0,6.524,2.8,0.842,0.305,0.806,13.725,1.367,1.716,0.148,0.682,1.325,0.549,0.42,0.529,0.18,0.463,0.276,0.187,0.505,0.321,0.184,5.988522342,0.125181558,0.196552354,0.070785172,0.207296532,17.93922263,1.25380362,1
"40",8,"Pomaderris aspera",7.4,0.566,13.42,0.56,4,106,0.069811320754717,8,344.931,1.193,1.69,0,0,6.524,2.8,0.842,0.305,0.806,13.725,1.367,1.716,0.148,0.682,1.325,0.549,0.42,0.529,0.18,0.463,0.276,0.187,0.505,0.321,0.184,5.988522342,0.125181558,0.196552354,0.070785172,0.207296532,17.93922263,1.25380362,1
"41",8,"Melicytus dentatus",3.9,0.53,16.64,11.57,4,106,0.0367924528301887,8,344.931,1.193,1.69,0,0,6.524,2.8,0.842,0.305,0.806,13.725,1.367,1.716,0.148,0.682,1.325,0.549,0.42,0.529,0.18,0.463,0.276,0.187,0.505,0.321,0.184,5.988522342,0.125181558,0.196552354,0.070785172,0.207296532,17.93922263,1.25380362,1
"42",8,"Rubus fruticosus agg.",19,0.35,22.17,2.89,3,106,0.179245283018868,8,344.931,1.193,1.69,0,0,6.524,2.8,0.842,0.305,0.806,13.725,1.367,1.716,0.148,0.682,1.325,0.549,0.42,0.529,0.18,0.463,0.276,0.187,0.505,0.321,0.184,5.988522342,0.125181558,0.196552354,0.070785172,0.207296532,17.93922263,1.25380362,1
"43",8,"Eucalyptus camphora subsp. humeana",38,0.5,8.6,0.34,20,106,0.358490566037736,8,344.931,1.193,1.69,0,0,6.524,2.8,0.842,0.305,0.806,13.725,1.367,1.716,0.148,0.682,1.325,0.549,0.42,0.529,0.18,0.463,0.276,0.187,0.505,0.321,0.184,5.988522342,0.125181558,0.196552354,0.070785172,0.207296532,17.93922263,1.25380362,1
"44",8,"Eucalyptus radiata",2,0.578,10.3,8.65,50,106,0.0188679245283019,8,344.931,1.193,1.69,0,0,6.524,2.8,0.842,0.305,0.806,13.725,1.367,1.716,0.148,0.682,1.325,0.549,0.42,0.529,0.18,0.463,0.276,0.187,0.505,0.321,0.184,5.988522342,0.125181558,0.196552354,0.070785172,0.207296532,17.93922263,1.25380362,1
"45",9,"Coprosma quadrifida",7.7,0.485,34.41,10.57,4,47.9,0.160751565762004,9,293.696,1.324,1.879,0,0,5.768,3.167,0.77,0.399,0.826,13.366,1.433,1.667,0.209,0.556,1.03,0.562,0.482,0.483,0.195,0.396,0.191,0.206,0.418,0.232,0.186,6.482178852,0.066841224,0.263394803,0.088921878,0.138782959,19.16928389,1.282605889,1
"46",9,"Eucalyptus viminalis",3.4,0.618,6.89,1.28,30,47.9,0.0709812108559499,9,293.696,1.324,1.879,0,0,5.768,3.167,0.77,0.399,0.826,13.366,1.433,1.667,0.209,0.556,1.03,0.562,0.482,0.483,0.195,0.396,0.191,0.206,0.418,0.232,0.186,6.482178852,0.066841224,0.263394803,0.088921878,0.138782959,19.16928389,1.282605889,1
"47",9,"Pomaderris aspera",2.2,0.566,13.42,0.56,4,47.9,0.0459290187891441,9,293.696,1.324,1.879,0,0,5.768,3.167,0.77,0.399,0.826,13.366,1.433,1.667,0.209,0.556,1.03,0.562,0.482,0.483,0.195,0.396,0.191,0.206,0.418,0.232,0.186,6.482178852,0.066841224,0.263394803,0.088921878,0.138782959,19.16928389,1.282605889,1
"48",9,"Eucalyptus camphora subsp. humeana",1.4,0.5,8.6,0.34,20,47.9,0.0292275574112735,9,293.696,1.324,1.879,0,0,5.768,3.167,0.77,0.399,0.826,13.366,1.433,1.667,0.209,0.556,1.03,0.562,0.482,0.483,0.195,0.396,0.191,0.206,0.418,0.232,0.186,6.482178852,0.066841224,0.263394803,0.088921878,0.138782959,19.16928389,1.282605889,1
"49",9,"Eucalyptus radiata",14.9,0.578,10.3,8.65,50,47.9,0.311064718162839,9,293.696,1.324,1.879,0,0,5.768,3.167,0.77,0.399,0.826,13.366,1.433,1.667,0.209,0.556,1.03,0.562,0.482,0.483,0.195,0.396,0.191,0.206,0.418,0.232,0.186,6.482178852,0.066841224,0.263394803,0.088921878,0.138782959,19.16928389,1.282605889,1
"50",9,"Bedfordia arborescens",4.2,0.65,14.26,0.74,5,47.9,0.0876826722338205,9,293.696,1.324,1.879,0,0,5.768,3.167,0.77,0.399,0.826,13.366,1.433,1.667,0.209,0.556,1.03,0.562,0.482,0.483,0.195,0.396,0.191,0.206,0.418,0.232,0.186,6.482178852,0.066841224,0.263394803,0.088921878,0.138782959,19.16928389,1.282605889,1
"51",9,"Prostanthera lasianthos",7,0.58,13.38,1.01,6,47.9,0.146137787056367,9,293.696,1.324,1.879,0,0,5.768,3.167,0.77,0.399,0.826,13.366,1.433,1.667,0.209,0.556,1.03,0.562,0.482,0.483,0.195,0.396,0.191,0.206,0.418,0.232,0.186,6.482178852,0.066841224,0.263394803,0.088921878,0.138782959,19.16928389,1.282605889,1
"52",9,"Pultenaea juniperina",7.1,0.88,6.45,5.45,3,47.9,0.148225469728601,9,293.696,1.324,1.879,0,0,5.768,3.167,0.77,0.399,0.826,13.366,1.433,1.667,0.209,0.556,1.03,0.562,0.482,0.483,0.195,0.396,0.191,0.206,0.418,0.232,0.186,6.482178852,0.066841224,0.263394803,0.088921878,0.138782959,19.16928389,1.282605889,1
"53",10,"Coprosma quadrifida",23,0.485,34.41,10.57,4,152.8,0.150523560209424,10,509.421,1.185,1.681,0,0,5.219,3.5,0.827,0.235,0.517,19.571,0.967,1.741,0.162,0.541,1.141,0.537,0.413,0.551,0.171,0.44,0.277,0.163,0.482,0.321,0.162,5.380620351,0.123200653,0.248419284,0.088600588,0.224319374,20.07711304,1.302701264,1
"54",10,"Leptospermum brevipes",61,0.712,9.02,0.15,4,152.8,0.399214659685864,10,509.421,1.185,1.681,0,0,5.219,3.5,0.827,0.235,0.517,19.571,0.967,1.741,0.162,0.541,1.141,0.537,0.413,0.551,0.171,0.44,0.277,0.163,0.482,0.321,0.162,5.380620351,0.123200653,0.248419284,0.088600588,0.224319374,20.07711304,1.302701264,1
"55",10,"Pomaderris aspera",8.4,0.566,13.42,0.56,4,152.8,0.0549738219895288,10,509.421,1.185,1.681,0,0,5.219,3.5,0.827,0.235,0.517,19.571,0.967,1.741,0.162,0.541,1.141,0.537,0.413,0.551,0.171,0.44,0.277,0.163,0.482,0.321,0.162,5.380620351,0.123200653,0.248419284,0.088600588,0.224319374,20.07711304,1.302701264,1
"56",10,"Rubus fruticosus agg.",12.4,0.35,22.17,2.89,3,152.8,0.081151832460733,10,509.421,1.185,1.681,0,0,5.219,3.5,0.827,0.235,0.517,19.571,0.967,1.741,0.162,0.541,1.141,0.537,0.413,0.551,0.171,0.44,0.277,0.163,0.482,0.321,0.162,5.380620351,0.123200653,0.248419284,0.088600588,0.224319374,20.07711304,1.302701264,1
"57",10,"Eucalyptus camphora subsp. humeana",17,0.5,8.6,0.34,20,152.8,0.111256544502618,10,509.421,1.185,1.681,0,0,5.219,3.5,0.827,0.235,0.517,19.571,0.967,1.741,0.162,0.541,1.141,0.537,0.413,0.551,0.171,0.44,0.277,0.163,0.482,0.321,0.162,5.380620351,0.123200653,0.248419284,0.088600588,0.224319374,20.07711304,1.302701264,1
"58",10,"Eucalyptus stellulata",31,0.637,8.05,1.49,15,152.8,0.202879581151832,10,509.421,1.185,1.681,0,0,5.219,3.5,0.827,0.235,0.517,19.571,0.967,1.741,0.162,0.541,1.141,0.537,0.413,0.551,0.171,0.44,0.277,0.163,0.482,0.321,0.162,5.380620351,0.123200653,0.248419284,0.088600588,0.224319374,20.07711304,1.302701264,1
"59",11,"Casuarina cunninghamiana",17,0.612,1.41,0.63,35,27,0.62962962962963,11,266.294,4.917,4.283,0.034,0.138,3.696,4.931,0.82,1.47,0.654,13.675,1.414,1.168,0.312,0.888,4.536,1.035,0.956,0.291,0.344,0.182,0.106,0.076,0.247,0.21,0.038,17.8173898,0.018918939,0.945507597,0.427625106,0.048998475,196.0393325,2.292343215,2
"60",11,"Eucalyptus amplifolia",10,0.786,4.9,2.55,30,27,0.37037037037037,11,266.294,4.917,4.283,0.034,0.138,3.696,4.931,0.82,1.47,0.654,13.675,1.414,1.168,0.312,0.888,4.536,1.035,0.956,0.291,0.344,0.182,0.106,0.076,0.247,0.21,0.038,17.8173898,0.018918939,0.945507597,0.427625106,0.048998475,196.0393325,2.292343215,2
"61",12,"Acacia floribunda",2.22,0.681,9.88,7.08,8,81.32,0.0272995573044761,12,134.816,5.6,4.725,2.7,3.167,3.703,4.933,0.841,1.226,0.738,10.148,1.933,1.394,0.558,0.654,0.94,0.987,1.02,0.271,0.411,0.184,0.103,0.081,0.256,0.19,0.066,15.817581,0.007068894,0.977465583,0.465656895,0.056336043,187.5979706,2.273228136,2
"62",12,"Casuarina cunninghamiana",16,0.612,1.41,0.63,35,81.32,0.196753566158387,12,134.816,5.6,4.725,2.7,3.167,3.703,4.933,0.841,1.226,0.738,10.148,1.933,1.394,0.558,0.654,0.94,0.987,1.02,0.271,0.411,0.184,0.103,0.081,0.256,0.19,0.066,15.817581,0.007068894,0.977465583,0.465656895,0.056336043,187.5979706,2.273228136,2
"63",12,"Melicytus dentatus",13,0.53,16.64,11.57,4,81.32,0.159862272503689,12,134.816,5.6,4.725,2.7,3.167,3.703,4.933,0.841,1.226,0.738,10.148,1.933,1.394,0.558,0.654,0.94,0.987,1.02,0.271,0.411,0.184,0.103,0.081,0.256,0.19,0.066,15.817581,0.007068894,0.977465583,0.465656895,0.056336043,187.5979706,2.273228136,2
"64",12,"Angophora subvelutina",7,0.658,8.38,7.26,20,81.32,0.0860796851942941,12,134.816,5.6,4.725,2.7,3.167,3.703,4.933,0.841,1.226,0.738,10.148,1.933,1.394,0.558,0.654,0.94,0.987,1.02,0.271,0.411,0.184,0.103,0.081,0.256,0.19,0.066,15.817581,0.007068894,0.977465583,0.465656895,0.056336043,187.5979706,2.273228136,2
"65",12,"Eucalyptus tereticornis",33.2,0.726,6.55,0.89,50,81.32,0.408263649778652,12,134.816,5.6,4.725,2.7,3.167,3.703,4.933,0.841,1.226,0.738,10.148,1.933,1.394,0.558,0.654,0.94,0.987,1.02,0.271,0.411,0.184,0.103,0.081,0.256,0.19,0.066,15.817581,0.007068894,0.977465583,0.465656895,0.056336043,187.5979706,2.273228136,2
"66",12,"Ligustrum sinense",4.5,0.612,10.46,17,3,81.32,0.0553369404820462,12,134.816,5.6,4.725,2.7,3.167,3.703,4.933,0.841,1.226,0.738,10.148,1.933,1.394,0.558,0.654,0.94,0.987,1.02,0.271,0.411,0.184,0.103,0.081,0.256,0.19,0.066,15.817581,0.007068894,0.977465583,0.465656895,0.056336043,187.5979706,2.273228136,2
"67",12,"Solanum mauritianum",5.4,0.449,20.13,1.03,4,81.32,0.0664043285784555,12,134.816,5.6,4.725,2.7,3.167,3.703,4.933,0.841,1.226,0.738,10.148,1.933,1.394,0.558,0.654,0.94,0.987,1.02,0.271,0.411,0.184,0.103,0.081,0.256,0.19,0.066,15.817581,0.007068894,0.977465583,0.465656895,0.056336043,187.5979706,2.273228136,2
"68",13,"Acacia floribunda",4.2,0.681,9.88,7.08,8,122.4,0.0343137254901961,13,119.756,5.675,23.254,57.8,69.267,3.806,4.867,0.727,0.671,0.441,61.929,1.1,1.335,0,0.768,2.142,0.806,0.973,0.14,0.585,0.229,0.136,0.093,0.503,0.439,0.065,24.53139717,0,1.872240222,0.800661345,0.006296135,193.6856358,2.287097414,3
"69",13,"Acacia leiocalyx subsp. leiocalyx",8.4,0.569,9.86,10.71,6,122.4,0.0686274509803922,13,119.756,5.675,23.254,57.8,69.267,3.806,4.867,0.727,0.671,0.441,61.929,1.1,1.335,0,0.768,2.142,0.806,0.973,0.14,0.585,0.229,0.136,0.093,0.503,0.439,0.065,24.53139717,0,1.872240222,0.800661345,0.006296135,193.6856358,2.287097414,3
"70",13,"Alphitonia excelsa",23.4,0.725,9.06,18.2,25,122.4,0.191176470588235,13,119.756,5.675,23.254,57.8,69.267,3.806,4.867,0.727,0.671,0.441,61.929,1.1,1.335,0,0.768,2.142,0.806,0.973,0.14,0.585,0.229,0.136,0.093,0.503,0.439,0.065,24.53139717,0,1.872240222,0.800661345,0.006296135,193.6856358,2.287097414,3
"71",13,"Casuarina glauca",20.7,0.601,4.69,1.14,20,122.4,0.169117647058824,13,119.756,5.675,23.254,57.8,69.267,3.806,4.867,0.727,0.671,0.441,61.929,1.1,1.335,0,0.768,2.142,0.806,0.973,0.14,0.585,0.229,0.136,0.093,0.503,0.439,0.065,24.53139717,0,1.872240222,0.800661345,0.006296135,193.6856358,2.287097414,3
"72",13,"Duboisia myoporoides",8.7,0.414,22.07,1.52,20,122.4,0.071078431372549,13,119.756,5.675,23.254,57.8,69.267,3.806,4.867,0.727,0.671,0.441,61.929,1.1,1.335,0,0.768,2.142,0.806,0.973,0.14,0.585,0.229,0.136,0.093,0.503,0.439,0.065,24.53139717,0,1.872240222,0.800661345,0.006296135,193.6856358,2.287097414,3
"73",13,"Grevillea robusta",1.6,0.521,5.02,20,40,122.4,0.0130718954248366,13,119.756,5.675,23.254,57.8,69.267,3.806,4.867,0.727,0.671,0.441,61.929,1.1,1.335,0,0.768,2.142,0.806,0.973,0.14,0.585,0.229,0.136,0.093,0.503,0.439,0.065,24.53139717,0,1.872240222,0.800661345,0.006296135,193.6856358,2.287097414,3
"74",13,"Lophostemon suaveolens",31.4,0.577,7.3,0.67,22,122.4,0.256535947712418,13,119.756,5.675,23.254,57.8,69.267,3.806,4.867,0.727,0.671,0.441,61.929,1.1,1.335,0,0.768,2.142,0.806,0.973,0.14,0.585,0.229,0.136,0.093,0.503,0.439,0.065,24.53139717,0,1.872240222,0.800661345,0.006296135,193.6856358,2.287097414,3
"75",13,"Melaleuca quinquenervia",11.2,0.751,7.96,0.31,15,122.4,0.0915032679738562,13,119.756,5.675,23.254,57.8,69.267,3.806,4.867,0.727,0.671,0.441,61.929,1.1,1.335,0,0.768,2.142,0.806,0.973,0.14,0.585,0.229,0.136,0.093,0.503,0.439,0.065,24.53139717,0,1.872240222,0.800661345,0.006296135,193.6856358,2.287097414,3
"76",13,"Notelaea longifolia",3.6,0.87,8.5,44.2,9,122.4,0.0294117647058824,13,119.756,5.675,23.254,57.8,69.267,3.806,4.867,0.727,0.671,0.441,61.929,1.1,1.335,0,0.768,2.142,0.806,0.973,0.14,0.585,0.229,0.136,0.093,0.503,0.439,0.065,24.53139717,0,1.872240222,0.800661345,0.006296135,193.6856358,2.287097414,3
"77",13,"Syzygium oleosum",8,0.581,10.07,216.49,15,122.4,0.065359477124183,13,119.756,5.675,23.254,57.8,69.267,3.806,4.867,0.727,0.671,0.441,61.929,1.1,1.335,0,0.768,2.142,0.806,0.973,0.14,0.585,0.229,0.136,0.093,0.503,0.439,0.065,24.53139717,0,1.872240222,0.800661345,0.006296135,193.6856358,2.287097414,3
"78",13,"Trema tomentosa var. aspera",1.2,0.331,47.9,4.86,6,122.4,0.00980392156862745,13,119.756,5.675,23.254,57.8,69.267,3.806,4.867,0.727,0.671,0.441,61.929,1.1,1.335,0,0.768,2.142,0.806,0.973,0.14,0.585,0.229,0.136,0.093,0.503,0.439,0.065,24.53139717,0,1.872240222,0.800661345,0.006296135,193.6856358,2.287097414,3
"79",14,"Eucalyptus viminalis",35.4,0.618,6.89,1.28,30,67.3,0.526002971768202,14,429.216,1.803,1.849,0,0,4.281,4.3,0.653,0.516,0.489,14.811,1.267,1.856,0.199,1.213,1.4,0.702,0.607,0.5,0.187,0.419,0.247,0.172,0.459,0.319,0.14,7.381069205,0.106671233,0.40433721,0.140614516,0.176752498,21.69610639,1.336381802,1
"80",14,"Leptospermum brevipes",8.3,0.712,9.02,0.15,4,67.3,0.12332838038633,14,429.216,1.803,1.849,0,0,4.281,4.3,0.653,0.516,0.489,14.811,1.267,1.856,0.199,1.213,1.4,0.702,0.607,0.5,0.187,0.419,0.247,0.172,0.459,0.319,0.14,7.381069205,0.106671233,0.40433721,0.140614516,0.176752498,21.69610639,1.336381802,1
"81",14,"Eucalyptus radiata",15.2,0.578,10.3,8.65,50,67.3,0.225854383358098,14,429.216,1.803,1.849,0,0,4.281,4.3,0.653,0.516,0.489,14.811,1.267,1.856,0.199,1.213,1.4,0.702,0.607,0.5,0.187,0.419,0.247,0.172,0.459,0.319,0.14,7.381069205,0.106671233,0.40433721,0.140614516,0.176752498,21.69610639,1.336381802,1
"82",14,"Acacia falciformis",1.2,0.724,6.04,42.8,10,67.3,0.0178306092124814,14,429.216,1.803,1.849,0,0,4.281,4.3,0.653,0.516,0.489,14.811,1.267,1.856,0.199,1.213,1.4,0.702,0.607,0.5,0.187,0.419,0.247,0.172,0.459,0.319,0.14,7.381069205,0.106671233,0.40433721,0.140614516,0.176752498,21.69610639,1.336381802,1
"83",14,"Acacia implexa",3.7,0.639,7.78,20.33,12,67.3,0.0549777117384844,14,429.216,1.803,1.849,0,0,4.281,4.3,0.653,0.516,0.489,14.811,1.267,1.856,0.199,1.213,1.4,0.702,0.607,0.5,0.187,0.419,0.247,0.172,0.459,0.319,0.14,7.381069205,0.106671233,0.40433721,0.140614516,0.176752498,21.69610639,1.336381802,1
"84",14,"Dodonaea viscosa subsp. cuneata",3.5,0.947,12.83,4.91,8,67.3,0.0520059435364042,14,429.216,1.803,1.849,0,0,4.281,4.3,0.653,0.516,0.489,14.811,1.267,1.856,0.199,1.213,1.4,0.702,0.607,0.5,0.187,0.419,0.247,0.172,0.459,0.319,0.14,7.381069205,0.106671233,0.40433721,0.140614516,0.176752498,21.69610639,1.336381802,1
"85",15,"Acmena smithii",21.2,0.715,11.77,81.02,5,90.1,0.235294117647059,15,122.191,6.039,11.001,8.467,21.067,3.096,5.933,0.475,0.637,0.478,20.296,0.967,1.45,0.492,0.819,3.121,1.082,1.189,0.146,0.553,0.134,0.052,0.082,0.428,0.385,0.042,22.25968361,0.000261885,0.346989549,0.117954678,0.004468414,44.00160405,1.643468509,3
"86",15,"Eucalyptus tereticornis",28,0.726,6.55,0.89,50,90.1,0.310765815760266,15,122.191,6.039,11.001,8.467,21.067,3.096,5.933,0.475,0.637,0.478,20.296,0.967,1.45,0.492,0.819,3.121,1.082,1.189,0.146,0.553,0.134,0.052,0.082,0.428,0.385,0.042,22.25968361,0.000261885,0.346989549,0.117954678,0.004468414,44.00160405,1.643468509,3
"87",15,"Ligustrum sinense",10.9,0.612,10.46,17,3,90.1,0.120976692563818,15,122.191,6.039,11.001,8.467,21.067,3.096,5.933,0.475,0.637,0.478,20.296,0.967,1.45,0.492,0.819,3.121,1.082,1.189,0.146,0.553,0.134,0.052,0.082,0.428,0.385,0.042,22.25968361,0.000261885,0.346989549,0.117954678,0.004468414,44.00160405,1.643468509,3
"88",15,"Commersonia fraseri",22,0.372,23.49,6.06,8,90.1,0.244173140954495,15,122.191,6.039,11.001,8.467,21.067,3.096,5.933,0.475,0.637,0.478,20.296,0.967,1.45,0.492,0.819,3.121,1.082,1.189,0.146,0.553,0.134,0.052,0.082,0.428,0.385,0.042,22.25968361,0.000261885,0.346989549,0.117954678,0.004468414,44.00160405,1.643468509,3
"89",15,"Glochidion ferdinandi var. ferdinandi",8,0.665,12.84,15.75,8,90.1,0.0887902330743618,15,122.191,6.039,11.001,8.467,21.067,3.096,5.933,0.475,0.637,0.478,20.296,0.967,1.45,0.492,0.819,3.121,1.082,1.189,0.146,0.553,0.134,0.052,0.082,0.428,0.385,0.042,22.25968361,0.000261885,0.346989549,0.117954678,0.004468414,44.00160405,1.643468509,3
